{"address": {"building": "1007", "coord": [-73.856077, 40.848447], "street": "Morris Park Ave", "zipcode": "10462"}, "borough": "Bronx", "cuisine": "Bakery", "dietary": ["gluten free", "lactose free"], "grades": [{"date": {"$date": 1393804800000}, "grade": "A", "score": 2}, {"date": {"$date": 1378857600000}, "grade": "A", "score": 6}, {"date": {"$date": 1358985600000}, "grade": "A", "score": 10}, {"date": {"$date": 1322006400000}, "grade": "A", "score": 9}, {"date": {"$date": 1299715200000}, "grade": "B", "score": 14}], "name": "Morris Park Bake Shop", "restaurant_id": "30075445"}
{"address": {"building": "469", "coord": [-73.961704, 40.662942], "street": "Flatbush Avenue", "zipcode": "11225"}, "borough": "Brooklyn", "cuisine": "Hamburgers", "grades": [{"date": {"$date": 1419897600000}, "grade": "A", "score": 8}, {"date": {"$date": 1404172800000}, "grade": "B", "score": 23}, {"date": {"$date": 1367280000000}, "grade": "A", "score": 12}, {"date": {"$date": 1336435200000}, "grade": "A", "score": 12}], "name": "Wendy'S", "restaurant_id": "30112340"}
{"address": {"building": "351", "coord": [-73.98513559999999, 40.7676919], "street": "West   57 Street", "zipcode": "10019"}, "borough": "Manhattan", "cuisine": "Irish", "dietary": ["gluten free"], "grades": [{"date": {"$date": 1409961600000}, "grade": "A", "score": 2}, {"date": {"$date": 1374451200000}, "grade": "A", "score": 11}, {"date": {"$date": 1343692800000}, "grade": "A", "score": 12}, {"date": {"$date": 1325116800000}, "grade": "A", "score": 12}], "name": "Dj Reynolds Pub And Restaurant", "restaurant_id": "30191841"}
{"address": {"building": "2780", "coord": [-73.98241999999999, 40.579505], "street": "Stillwell Avenue", "zipcode": "11224"}, "borough": "Brooklyn", "cuisine": "American", "grades": [{"date": {"$date": 1402358400000}, "grade": "A", "score": 5}, {"date": {"$date": 1370390400000}, "grade": "A", "score": 7}, {"date": {"$date": 1334275200000}, "grade": "A", "score": 12}, {"date": {"$date": 1318377600000}, "grade": "A", "score": 12}], "name": "Riviera Caterer", "restaurant_id": "40356018"}
{"address": {"building": "97-22", "coord": [-73.8601152, 40.7311739], "street": "63 Road", "zipcode": "11374"}, "borough": "Queens", "cuisine": "Jewish/Kosher", "dietary": ["gluten free", "lactose free"],"grades": [{"date": {"$date": 1416787200000}, "grade": "Z", "score": 20}, {"date": {"$date": 1358380800000}, "grade": "A", "score": 13}, {"date": {"$date": 1343865600000}, "grade": "A", "score": 13}, {"date": {"$date": 1323907200000}, "grade": "B", "score": 25}], "name": "Tov Kosher Kitchen", "restaurant_id": "40356068"}
{"address": {"building": "8825", "coord": [-73.8803827, 40.7643124], "street": "Astoria Boulevard", "zipcode": "11369"}, "borough": "Queens", "cuisine": "American", "dietary": ["lactose free"], "grades": [{"date": {"$date": 1416009600000}, "grade": "Z", "score": 38}, {"date": {"$date": 1398988800000}, "grade": "A", "score": 10}, {"date": {"$date": 1362182400000}, "grade": "A", "score": 7}, {"date": {"$date": 1328832000000}, "grade": "A", "score": 13}], "name": "Brunos On The Boulevard", "restaurant_id": "40356151"}
{"address": {"building": "2206", "coord": [-74.1377286, 40.6119572], "street": "Victory Boulevard", "zipcode": "10314"}, "borough": "Staten Island", "cuisine": "Jewish/Kosher", "grades": [{"date": {"$date": 1412553600000}, "grade": "A", "score": 9}, {"date": {"$date": 1400544000000}, "grade": "A", "score": 12}, {"date": {"$date": 1365033600000}, "grade": "A", "score": 12}, {"date": {"$date": 1327363200000}, "grade": "A", "score": 9}], "name": "Kosher Island", "restaurant_id": "40356442"}
{"address": {"building": "7114", "coord": [-73.9068506, 40.6199034], "street": "Avenue U", "zipcode": "11234"}, "borough": "Brooklyn", "cuisine": "Delicatessen", "grades": [{"date": {"$date": 1401321600000}, "grade": "A", "score": 10}, {"date": {"$date": 1389657600000}, "grade": "A", "score": 10}, {"date": {"$date": 1375488000000}, "grade": "A", "score": 8}, {"date": {"$date": 1342569600000}, "grade": "A", "score": 10}, {"date": {"$date": 1331251200000}, "grade": "A", "score": 13}, {"date": {"$date": 1318550400000}, "grade": "A", "score": 9}], "name": "Wilken'S Fine Food", "restaurant_id": "40356483"}
{"address": {"building": "6409", "coord": [-74.00528899999999, 40.628886], "street": "11 Avenue", "zipcode": "11219"}, "borough": "Brooklyn", "cuisine": "American", "dietary": ["lactose free"], "grades": [{"date": {"$date": 1405641600000}, "grade": "A", "score": 12}, {"date": {"$date": 1375142400000}, "grade": "A", "score": 12}, {"date": {"$date": 1360713600000}, "grade": "A", "score": 11}, {"date": {"$date": 1345075200000}, "grade": "A", "score": 2}, {"date": {"$date": 1313539200000}, "grade": "A", "score": 11}], "name": "Regina Caterers", "restaurant_id": "40356649"}
{"address": {"building": "1839", "coord": [-73.9482609, 40.6408271], "street": "Nostrand Avenue", "zipcode": "11226"}, "borough": "Brooklyn", "cuisine": "Ice Cream, Gelato, Yogurt, Ices", "grades": [{"date": {"$date": 1405296000000}, "grade": "A", "score": 12}, {"date": {"$date": 1373414400000}, "grade": "A", "score": 8}, {"date": {"$date": 1341964800000}, "grade": "A", "score": 5}, {"date": {"$date": 1329955200000}, "grade": "A", "score": 8}], "name": "Taste The Tropics Ice Cream", "restaurant_id": "40356731"}
{"address": {"building": "2300", "coord": [-73.8786113, 40.8502883], "street": "Southern Boulevard", "zipcode": "10460"}, "borough": "Bronx", "cuisine": "American", "grades": [{"date": {"$date": 1401235200000}, "grade": "A", "score": 11}, {"date": {"$date": 1371600000000}, "grade": "A", "score": 4}, {"date": {"$date": 1339718400000}, "grade": "A", "score": 3}], "name": "Wild Asia", "restaurant_id": "40357217"}
{"address": {"building": "7715", "coord": [-73.9973325, 40.61174889999999], "street": "18 Avenue", "zipcode": "11214"}, "borough": "Brooklyn", "cuisine": "American", "grades": [{"date": {"$date": 1397606400000}, "grade": "A", "score": 5}, {"date": {"$date": 1366675200000}, "grade": "A", "score": 2}, {"date": {"$date": 1335225600000}, "grade": "A", "score": 5}, {"date": {"$date": 1323993600000}, "grade": "A", "score": 2}], "name": "C & C Catering Service", "restaurant_id": "40357437"}
{"address": {"building": "1269", "coord": [-73.871194, 40.6730975], "street": "Sutter Avenue", "zipcode": "11208"}, "borough": "Brooklyn", "cuisine": "Chinese", "dietary": ["gluten free", "lactose free"], "grades": [{"date": {"$date": 1410825600000}, "grade": "B", "score": 21}, {"date": {"$date": 1377648000000}, "grade": "A", "score": 7}, {"date": {"$date": 1364860800000}, "grade": "C", "score": 56}, {"date": {"$date": 1344988800000}, "grade": "B", "score": 27}, {"date": {"$date": 1332892800000}, "grade": "B", "score": 27}], "name": "May May Kitchen", "restaurant_id": "40358429"}
{"address": {"building": "1", "coord": [-73.96926909999999, 40.7685235], "street": "East   66 Street", "zipcode": "10065"}, "borough": "Manhattan", "cuisine": "American", "grades": [{"date": {"$date": 1399420800000}, "grade": "A", "score": 3}, {"date": {"$date": 1367539200000}, "grade": "A", "score": 4}, {"date": {"$date": 1335744000000}, "grade": "A", "score": 6}, {"date": {"$date": 1324944000000}, "grade": "A", "score": 0}], "name": "1 East 66Th Street Kitchen", "restaurant_id": "40359480"}
{"address": {"building": "705", "coord": [-73.9653967, 40.6064339], "street": "Kings Highway", "zipcode": "11223"}, "borough": "Brooklyn", "cuisine": "Jewish/Kosher", "dietary": ["gluten free"], "grades": [{"date": {"$date": 1415577600000}, "grade": "A", "score": 11}, {"date": {"$date": 1381363200000}, "grade": "A", "score": 13}, {"date": {"$date": 1349308800000}, "grade": "A", "score": 7}, {"date": {"$date": 1337558400000}, "grade": "A", "score": 9}, {"date": {"$date": 1325203200000}, "grade": "B", "score": 19}], "name": "Seuda Foods", "restaurant_id": "40360045"}
{"address": {"building": "203", "coord": [-73.97822040000001, 40.6435254], "street": "Church Avenue", "zipcode": "11218"}, "borough": "Brooklyn", "cuisine": "Ice Cream, Gelato, Yogurt, Ices", "grades": [{"date": {"$date": 1391990400000}, "grade": "A", "score": 2}, {"date": {"$date": 1357084800000}, "grade": "A", "score": 13}, {"date": {"$date": 1326067200000}, "grade": "A", "score": 3}, {"date": {"$date": 1320624000000}, "grade": "P", "score": 12}, {"date": {"$date": 1311206400000}, "grade": "A", "score": 13}], "name": "Carvel Ice Cream", "restaurant_id": "40360076"}
{"address": {"building": "265-15", "coord": [-73.7032601, 40.7386417], "street": "Hillside Avenue", "zipcode": "11004"}, "borough": "Queens", "cuisine": "Ice Cream, Gelato, Yogurt, Ices", "grades": [{"date": {"$date": 1414454400000}, "grade": "A", "score": 9}, {"date": {"$date": 1379462400000}, "grade": "A", "score": 10}, {"date": {"$date": 1348099200000}, "grade": "A", "score": 13}], "name": "Carvel Ice Cream", "restaurant_id": "40361322"}
{"address": {"building": "6909", "coord": [-74.0259567, 40.6353674], "street": "3 Avenue", "zipcode": "11209"}, "borough": "Brooklyn", "cuisine": "Delicatessen", "grades": [{"date": {"$date": 1408579200000}, "grade": "A", "score": 4}, {"date": {"$date": 1393977600000}, "grade": "A", "score": 3}, {"date": {"$date": 1357776000000}, "grade": "A", "score": 10}], "name": "Nordic Delicacies", "restaurant_id": "40361390"}
{"address": {"building": "522", "coord": [-73.95171, 40.767461], "street": "East   74 Street", "zipcode": "10021"}, "borough": "Manhattan", "cuisine": "American", "dietary": ["lactose free"], "grades": [{"date": {"$date": 1409616000000}, "grade": "A", "score": 12}, {"date": {"$date": 1387411200000}, "grade": "B", "score": 16}, {"date": {"$date": 1369699200000}, "grade": "A", "score": 9}, {"date": {"$date": 1354838400000}, "grade": "A", "score": 13}, {"date": {"$date": 1332979200000}, "grade": "A", "score": 11}], "name": "Glorious Food", "restaurant_id": "40361521"}
{"address": {"building": "284", "coord": [-73.9829239, 40.6580753], "street": "Prospect Park West", "zipcode": "11215"}, "borough": "Brooklyn", "cuisine": "American", "grades": [{"date": {"$date": 1416355200000}, "grade": "A", "score": 11}, {"date": {"$date": 1384387200000}, "grade": "A", "score": 2}, {"date": {"$date": 1354665600000}, "grade": "A", "score": 13}, {"date": {"$date": 1337212800000}, "grade": "A", "score": 11}], "name": "The Movable Feast", "restaurant_id": "40361606"}
{"address": {"building": "129-08", "coord": [-73.839297, 40.78147], "street": "20 Avenue", "zipcode": "11356"}, "borough": "Queens", "cuisine": "Delicatessen", "dietary": ["gluten free", "lactose free"], "grades": [{"date": {"$date": 1408147200000}, "grade": "A", "score": 12}, {"date": {"$date": 1377561600000}, "grade": "A", "score": 9}, {"date": {"$date": 1348099200000}, "grade": "A", "score": 7}, {"date": {"$date": 1317254400000}, "grade": "A", "score": 10}], "name": "Sal'S Deli", "restaurant_id": "40361618"}
{"address": {"building": "759", "coord": [-73.9925306, 40.7309346], "street": "Broadway", "zipcode": "10003"}, "borough": "Manhattan", "cuisine": "Delicatessen", "dietary": ["lactose free"], "grades": [{"date": {"$date": 1390262400000}, "grade": "A", "score": 12}, {"date": {"$date": 1357257600000}, "grade": "A", "score": 11}, {"date": {"$date": 1339027200000}, "grade": "A", "score": 6}, {"date": {"$date": 1326758400000}, "grade": "A", "score": 8}], "name": "Bully'S Deli", "restaurant_id": "40361708"}
{"address": {"building": "3406", "coord": [-73.94024739999999, 40.7623288], "street": "10 Street", "zipcode": "11106"}, "borough": "Queens", "cuisine": "Delicatessen", "grades": [{"date": {"$date": 1395187200000}, "grade": "A", "score": 3}, {"date": {"$date": 1363132800000}, "grade": "A", "score": 12}, {"date": {"$date": 1332806400000}, "grade": "A", "score": 8}, {"date": {"$date": 1301961600000}, "grade": "A", "score": 7}], "name": "Steve Chu'S Deli & Grocery", "restaurant_id": "40361998"}
{"address": {"building": "502", "coord": [-73.976112, 40.786714], "street": "Amsterdam Avenue", "zipcode": "10024"}, "borough": "Manhattan", "cuisine": "Chicken", "grades": [{"date": {"$date": 1410739200000}, "grade": "A", "score": 10}, {"date": {"$date": 1393891200000}, "grade": "A", "score": 13}, {"date": {"$date": 1374105600000}, "grade": "A", "score": 13}, {"date": {"$date": 1357689600000}, "grade": "A", "score": 11}, {"date": {"$date": 1334016000000}, "grade": "A", "score": 10}, {"date": {"$date": 1321315200000}, "grade": "A", "score": 7}], "name": "Harriet'S Kitchen", "restaurant_id": "40362098"}
{"address": {"building": "730", "coord": [-73.96805719999999, 40.7925587], "street": "Columbus Avenue", "zipcode": "10025"}, "borough": "Manhattan", "cuisine": "American", "dietary": ["gluten free"], "grades": [{"date": {"$date": 1410480000000}, "grade": "B", "score": 26}, {"date": {"$date": 1377648000000}, "grade": "A", "score": 9}, {"date": {"$date": 1364169600000}, "grade": "B", "score": 20}, {"date": {"$date": 1329177600000}, "grade": "A", "score": 12}], "name": "P & S Deli Grocery", "restaurant_id": "40362264"}
{"address": {"building": "18", "coord": [-73.996984, 40.72589], "street": "West Houston Street", "zipcode": "10012"}, "borough": "Manhattan", "cuisine": "American", "dietary": ["gluten free", "lactose free"],"grades": [{"date": {"$date": 1396483200000}, "grade": "A", "score": 9}, {"date": {"$date": 1365120000000}, "grade": "A", "score": 4}, {"date": {"$date": 1332288000000}, "grade": "A", "score": 13}, {"date": {"$date": 1303862400000}, "grade": "A", "score": 5}], "name": "Angelika Film Center", "restaurant_id": "40362274"}
{"address": {"building": "531", "coord": [-73.9634876, 40.6940001], "street": "Myrtle Avenue", "zipcode": "11205"}, "borough": "Brooklyn", "cuisine": "Hamburgers", "grades": [{"date": {"$date": 1395100800000}, "grade": "A", "score": 8}, {"date": {"$date": 1363564800000}, "grade": "A", "score": 8}, {"date": {"$date": 1349827200000}, "grade": "A", "score": 7}, {"date": {"$date": 1316649600000}, "grade": "A", "score": 2}], "name": "White Castle", "restaurant_id": "40362344"}
{"address": {"building": "103-05", "coord": [-73.8642349, 40.75356], "street": "37 Avenue", "zipcode": "11368"}, "borough": "Queens", "cuisine": "Chinese", "grades": [{"date": {"$date": 1398038400000}, "grade": "A", "score": 10}, {"date": {"$date": 1384214400000}, "grade": "A", "score": 5}, {"date": {"$date": 1370304000000}, "grade": "A", "score": 12}, {"date": {"$date": 1352851200000}, "grade": "A", "score": 10}, {"date": {"$date": 1349913600000}, "grade": "P", "score": 0}, {"date": {"$date": 1337817600000}, "grade": "A", "score": 13}, {"date": {"$date": 1323302400000}, "grade": "A", "score": 12}, {"date": {"$date": 1311120000000}, "grade": "A", "score": 11}], "name": "Ho Mei Restaurant", "restaurant_id": "40362432"}
{"address": {"building": "60", "coord": [-74.0085357, 40.70620539999999], "street": "Wall Street", "zipcode": "10005"}, "borough": "Manhattan", "cuisine": "Turkish", "grades": [{"date": {"$date": 1411689600000}, "grade": "A", "score": 9}, {"date": {"$date": 1379462400000}, "grade": "A", "score": 13}, {"date": {"$date": 1348185600000}, "grade": "A", "score": 9}, {"date": {"$date": 1336521600000}, "grade": "A", "score": 11}], "name": "The Country Cafe", "restaurant_id": "40362715"}
{"address": {"building": "195", "coord": [-73.9246028, 40.6522396], "street": "East   56 Street", "zipcode": "11203"}, "borough": "Brooklyn", "cuisine": "Caribbean", "dietary": ["gluten free", "lactose free"], "grades": [{"date": {"$date": 1399939200000}, "grade": "A", "score": 2}, {"date": {"$date": 1367971200000}, "grade": "A", "score": 7}, {"date": {"$date": 1348272000000}, "grade": "A", "score": 11}, {"date": {"$date": 1307318400000}, "grade": "A", "score": 12}], "name": "Shashemene Int'L Restaura", "restaurant_id": "40362869"}
{"address": {"building": "107", "coord": [-74.00920839999999, 40.7132925], "street": "Church Street", "zipcode": "10007"}, "borough": "Manhattan", "cuisine": "American", "dietary": ["lactose free"], "grades": [{"date": {"$date": 1405641600000}, "grade": "A", "score": 12}, {"date": {"$date": 1393372800000}, "grade": "A", "score": 9}, {"date": {"$date": 1377475200000}, "grade": "A", "score": 9}, {"date": {"$date": 1359676800000}, "grade": "A", "score": 12}, {"date": {"$date": 1326758400000}, "grade": "A", "score": 13}, {"date": {"$date": 1318896000000}, "grade": "A", "score": 11}], "name": "Downtown Deli", "restaurant_id": "40363021"}
{"address": {"building": "1006", "coord": [-73.84856870000002, 40.8903781], "street": "East 233 Street", "zipcode": "10466"}, "borough": "Bronx", "cuisine": "Ice Cream, Gelato, Yogurt, Ices", "dietary": ["gluten free"], "grades": [{"date": {"$date": 1398297600000}, "grade": "A", "score": 10}, {"date": {"$date": 1378339200000}, "grade": "A", "score": 10}, {"date": {"$date": 1361404800000}, "grade": "A", "score": 9}, {"date": {"$date": 1341273600000}, "grade": "A", "score": 11}, {"date": {"$date": 1310342400000}, "grade": "A", "score": 5}], "name": "Carvel Ice Cream", "restaurant_id": "40363093"}
{"address": {"building": "56", "coord": [-73.991495, 40.692273], "street": "Court Street", "zipcode": "11201"}, "borough": "Brooklyn", "cuisine": "Donuts", "grades": [{"date": {"$date": 1419897600000}, "grade": "A", "score": 8}, {"date": {"$date": 1389744000000}, "grade": "A", "score": 9}, {"date": {"$date": 1357603200000}, "grade": "A", "score": 11}, {"date": {"$date": 1326931200000}, "grade": "A", "score": 10}], "name": "Dunkin' Donuts", "restaurant_id": "40363098"}
{"address": {"building": "7615", "coord": [-74.0228449, 40.6281815], "street": "5 Avenue", "zipcode": "11209"}, "borough": "Brooklyn", "cuisine": "American", "grades": [{"date": {"$date": 1417651200000}, "grade": "A", "score": 10}, {"date": {"$date": 1382572800000}, "grade": "A", "score": 11}, {"date": {"$date": 1366243200000}, "grade": "A", "score": 5}, {"date": {"$date": 1333584000000}, "grade": "A", "score": 13}], "name": "Mejlander & Mulgannon", "restaurant_id": "40363117"}
{"address": {"building": "120", "coord": [-73.9998042, 40.7251256], "street": "Prince Street", "zipcode": "10012"}, "borough": "Manhattan", "cuisine": "Bakery", "dietary": ["gluten free"], "grades": [{"date": {"$date": 1413504000000}, "grade": "A", "score": 11}, {"date": {"$date": 1379462400000}, "grade": "A", "score": 13}, {"date": {"$date": 1367280000000}, "grade": "A", "score": 7}, {"date": {"$date": 1334880000000}, "grade": "A", "score": 7}, {"date": {"$date": 1324252800000}, "grade": "A", "score": 3}], "name": "Olive'S", "restaurant_id": "40363151"}
{"address": {"building": "1236", "coord": [-73.8893654, 40.81376179999999], "street": "238 Spofford Ave", "zipcode": "10474"}, "borough": "Bronx", "cuisine": "Chinese", "grades": [{"date": {"$date": 1388361600000}, "grade": "A", "score": 8}, {"date": {"$date": 1357603200000}, "grade": "A", "score": 10}, {"date": {"$date": 1339459200000}, "grade": "B", "score": 15}], "name": "Happy Garden", "restaurant_id": "40363289"}
{"address": {"building": "625", "coord": [-73.990494, 40.7569545], "street": "8 Avenue", "zipcode": "10018"}, "borough": "Manhattan", "cuisine": "American", "grades": [{"date": {"$date": 1402272000000}, "grade": "A", "score": 12}, {"date": {"$date": 1389312000000}, "grade": "A", "score": 9}, {"date": {"$date": 1354838400000}, "grade": "A", "score": 4}, {"date": {"$date": 1323734400000}, "grade": "A", "score": 9}, {"date": {"$date": 1315526400000}, "grade": "A", "score": 13}], "name": "Cafe Metro", "restaurant_id": "40363298"}
{"address": {"building": "1069", "coord": [-73.902463, 40.694924], "street": "Wyckoff Avenue", "zipcode": "11385"}, "borough": "Queens", "cuisine": "Delicatessen", "grades": [{"date": {"$date": 1399507200000}, "grade": "A", "score": 11}, {"date": {"$date": 1386806400000}, "grade": "A", "score": 8}, {"date": {"$date": 1371772800000}, "grade": "A", "score": 12}, {"date": {"$date": 1356307200000}, "grade": "B", "score": 25}, {"date": {"$date": 1318982400000}, "grade": "A", "score": 11}, {"date": {"$date": 1308096000000}, "grade": "A", "score": 10}], "name": "Tony'S Deli", "restaurant_id": "40363333"}
{"address": {"building": "405", "coord": [-73.97534999999999, 40.7516269], "street": "Lexington Avenue", "zipcode": "10174"}, "borough": "Manhattan", "cuisine": "Sandwiches/Salads/Mixed Buffet", "dietary": ["lactose free"], "grades": [{"date": {"$date": 1392940800000}, "grade": "A", "score": 3}, {"date": {"$date": 1379030400000}, "grade": "A", "score": 3}, {"date": {"$date": 1346112000000}, "grade": "A", "score": 0}, {"date": {"$date": 1315872000000}, "grade": "A", "score": 12}, {"date": {"$date": 1304380800000}, "grade": "A", "score": 5}], "name": "Lexler Deli", "restaurant_id": "40363426"}
{"address": {"building": "2491", "coord": [-74.1459332, 40.6103714], "street": "Victory Boulevard", "zipcode": "10314"}, "borough": "Staten Island", "cuisine": "Delicatessen", "dietary": ["gluten free", "lactose free"], "grades": [{"date": {"$date": 1420761600000}, "grade": "A", "score": 3}, {"date": {"$date": 1386201600000}, "grade": "A", "score": 10}, {"date": {"$date": 1371600000000}, "grade": "A", "score": 10}, {"date": {"$date": 1357603200000}, "grade": "A", "score": 11}], "name": "Bagels N Buns", "restaurant_id": "40363427"}
{"address": {"building": "7905", "coord": [-73.8740217, 40.7135015], "street": "Metropolitan Avenue", "zipcode": "11379"}, "borough": "Queens", "cuisine": "Bagels/Pretzels", "grades": [{"date": {"$date": 1410912000000}, "grade": "A", "score": 10}, {"date": {"$date": 1389830400000}, "grade": "B", "score": 23}, {"date": {"$date": 1375833600000}, "grade": "A", "score": 10}, {"date": {"$date": 1361404800000}, "grade": "B", "score": 27}, {"date": {"$date": 1340150400000}, "grade": "B", "score": 27}, {"date": {"$date": 1327968000000}, "grade": "B", "score": 18}], "name": "Hot Bagels", "restaurant_id": "40363565"}
{"address": {"building": "87-69", "coord": [-73.8309503, 40.7001121], "street": "Lefferts Boulevard", "zipcode": "11418"}, "borough": "Queens", "cuisine": "American", "grades": [{"date": {"$date": 1393286400000}, "grade": "A", "score": 7}, {"date": {"$date": 1376438400000}, "grade": "A", "score": 11}, {"date": {"$date": 1344297600000}, "grade": "A", "score": 7}, {"date": {"$date": 1332720000000}, "grade": "A", "score": 10}, {"date": {"$date": 1320364800000}, "grade": "A", "score": 0}, {"date": {"$date": 1309305600000}, "grade": "A", "score": 4}], "name": "Snack Time Grill", "restaurant_id": "40363590"}
{"address": {"building": "1418", "coord": [-73.95685019999999, 40.7753401], "street": "Third Avenue", "zipcode": "10028"}, "borough": "Manhattan", "cuisine": "Continental", "dietary": ["gluten free"], "grades": [{"date": {"$date": 1401667200000}, "grade": "A", "score": 9}, {"date": {"$date": 1388102400000}, "grade": "A", "score": 8}, {"date": {"$date": 1363564800000}, "grade": "B", "score": 26}, {"date": {"$date": 1328054400000}, "grade": "A", "score": 7}, {"date": {"$date": 1309910400000}, "grade": "B", "score": 25}], "name": "Lorenzo & Maria'S", "restaurant_id": "40363630"}
{"address": {"building": "464", "coord": [-73.9791458, 40.744328], "street": "3 Avenue", "zipcode": "10016"}, "borough": "Manhattan", "cuisine": "Pizza", "grades": [{"date": {"$date": 1407196800000}, "grade": "A", "score": 3}, {"date": {"$date": 1394064000000}, "grade": "A", "score": 11}, {"date": {"$date": 1373328000000}, "grade": "A", "score": 12}, {"date": {"$date": 1359504000000}, "grade": "A", "score": 4}, {"date": {"$date": 1325721600000}, "grade": "A", "score": 2}, {"date": {"$date": 1316995200000}, "grade": "A", "score": 0}], "name": "Domino'S Pizza", "restaurant_id": "40363644"}
{"address": {"building": "437", "coord": [-73.975393, 40.757365], "street": "Madison Avenue", "zipcode": "10022"}, "borough": "Manhattan", "cuisine": "American", "grades": [{"date": {"$date": 1401753600000}, "grade": "A", "score": 9}, {"date": {"$date": 1370563200000}, "grade": "A", "score": 5}, {"date": {"$date": 1340928000000}, "grade": "A", "score": 12}, {"date": {"$date": 1328486400000}, "grade": "A", "score": 11}, {"date": {"$date": 1308787200000}, "grade": "A", "score": 13}], "name": "Berkely", "restaurant_id": "40363685"}
{"address": {"building": "1031", "coord": [-73.9075537, 40.6438684], "street": "East   92 Street", "zipcode": "11236"}, "borough": "Brooklyn", "cuisine": "American", "dietary": ["gluten free", "lactose free"], "grades": [{"date": {"$date": 1391558400000}, "grade": "A", "score": 0}, {"date": {"$date": 1359417600000}, "grade": "A", "score": 3}, {"date": {"$date": 1323302400000}, "grade": "A", "score": 10}], "name": "Sonny'S Heros", "restaurant_id": "40363744"}
{"address": {"building": "1111", "coord": [-74.0796436, 40.59878339999999], "street": "Hylan Boulevard", "zipcode": "10305"}, "borough": "Staten Island", "cuisine": "Ice Cream, Gelato, Yogurt, Ices", "dietary": ["lactose free"], "grades": [{"date": {"$date": 1398297600000}, "grade": "A", "score": 12}, {"date": {"$date": 1361836800000}, "grade": "A", "score": 5}, {"date": {"$date": 1328140800000}, "grade": "A", "score": 2}], "name": "Carvel Ice Cream", "restaurant_id": "40363834"}
{"address": {"building": "976", "coord": [-73.92701509999999, 40.6620192], "street": "Rutland Road", "zipcode": "11212"}, "borough": "Brooklyn", "cuisine": "Chinese", "grades": [{"date": {"$date": 1398211200000}, "grade": "A", "score": 13}, {"date": {"$date": 1364256000000}, "grade": "A", "score": 10}, {"date": {"$date": 1331596800000}, "grade": "A", "score": 4}, {"date": {"$date": 1321401600000}, "grade": "A", "score": 13}], "name": "Golden Pavillion", "restaurant_id": "40363920"}
{"address": {"building": "148", "coord": [-73.9806854, 40.7778589], "street": "West   72 Street", "zipcode": "10023"}, "borough": "Manhattan", "cuisine": "Pizza", "grades": [{"date": {"$date": 1417996800000}, "grade": "A", "score": 13}, {"date": {"$date": 1399248000000}, "grade": "B", "score": 18}, {"date": {"$date": 1365120000000}, "grade": "A", "score": 13}, {"date": {"$date": 1333065600000}, "grade": "A", "score": 9}], "name": "Domino'S Pizza", "restaurant_id": "40363945"}
{"address": {"building": "364", "coord": [-73.96084119999999, 40.8014307], "street": "West  110 Street", "zipcode": "10025"}, "borough": "Manhattan", "cuisine": "American", "dietary": ["gluten free", "lactose free"], "grades": [{"date": {"$date": 1409788800000}, "grade": "B", "score": 20}, {"date": {"$date": 1393372800000}, "grade": "B", "score": 23}, {"date": {"$date": 1364169600000}, "grade": "A", "score": 12}, {"date": {"$date": 1329782400000}, "grade": "A", "score": 8}], "name": "Spoon Bread Catering", "restaurant_id": "40364179"}
{"address": {"building": "1423", "coord": [-73.9615132, 40.6253268], "street": "Avenue J", "zipcode": "11230"}, "borough": "Brooklyn", "cuisine": "Jewish/Kosher", "grades": [{"date": {"$date": 1418947200000}, "grade": "A", "score": 10}, {"date": {"$date": 1386201600000}, "grade": "A", "score": 11}, {"date": {"$date": 1354752000000}, "grade": "A", "score": 9}], "name": "Kosher Bagel Hole", "restaurant_id": "40364220"}
{"address": {"building": "0", "coord": [-84.2040813, 9.9986585], "street": "Guardia Airport Parking", "zipcode": "11371"}, "borough": "Queens", "cuisine": "American", "dietary": ["gluten free"], "grades": [{"date": {"$date": 1400198400000}, "grade": "A", "score": 9}, {"date": {"$date": 1368144000000}, "grade": "A", "score": 10}, {"date": {"$date": 1337040000000}, "grade": "A", "score": 9}, {"date": {"$date": 1320192000000}, "grade": "C", "score": 32}], "name": "Terminal Cafe/Yankee Clipper", "restaurant_id": "40364262"}
{"address": {"building": "73", "coord": [-74.1178949, 40.5734906], "street": "New Dorp Plaza", "zipcode": "10306"}, "borough": "Staten Island", "cuisine": "Delicatessen", "dietary": ["lactose free"], "grades": [{"date": {"$date": 1416268800000}, "grade": "A", "score": 12}, {"date": {"$date": 1383782400000}, "grade": "A", "score": 12}, {"date": {"$date": 1366761600000}, "grade": "A", "score": 7}, {"date": {"$date": 1332201600000}, "grade": "A", "score": 5}], "name": "Plaza Bagels & Deli", "restaurant_id": "40364286"}
{"address": {"building": "277", "coord": [-73.8941893, 40.8634684], "street": "East Kingsbridge Road", "zipcode": "10458"}, "borough": "Bronx", "cuisine": "Chinese", "grades": [{"date": {"$date": 1393804800000}, "grade": "A", "score": 10}, {"date": {"$date": 1380153600000}, "grade": "A", "score": 10}, {"date": {"$date": 1363651200000}, "grade": "A", "score": 10}, {"date": {"$date": 1346198400000}, "grade": "A", "score": 11}, {"date": {"$date": 1313539200000}, "grade": "A", "score": 13}], "name": "Happy Garden", "restaurant_id": "40364296"}
{"address": {"building": "203", "coord": [-74.15235919999999, 40.5563756], "street": "Giffords Lane", "zipcode": "10308"}, "borough": "Staten Island", "cuisine": "Delicatessen", "grades": [{"date": {"$date": 1420416000000}, "grade": "A", "score": 4}, {"date": {"$date": 1410393600000}, "grade": "C", "score": 39}, {"date": {"$date": 1395273600000}, "grade": "A", "score": 12}, {"date": {"$date": 1358985600000}, "grade": "A", "score": 13}, {"date": {"$date": 1337731200000}, "grade": "A", "score": 10}], "name": "B & M Hot Bagel & Grocery", "restaurant_id": "40364299"}
{"address": {"building": "94", "coord": [-74.0061936, 40.7092038], "street": "Fulton Street", "zipcode": "10038"}, "borough": "Manhattan", "cuisine": "Chicken", "grades": [{"date": {"$date": 1420502400000}, "grade": "A", "score": 12}, {"date": {"$date": 1405382400000}, "grade": "C", "score": 48}, {"date": {"$date": 1367452800000}, "grade": "A", "score": 13}, {"date": {"$date": 1348444800000}, "grade": "A", "score": 8}, {"date": {"$date": 1334793600000}, "grade": "A", "score": 7}], "name": "Texas Rotisserie", "restaurant_id": "40364304"}
{"address": {"building": "10004", "coord": [-74.03400479999999, 40.6127077], "street": "4 Avenue", "zipcode": "11209"}, "borough": "Brooklyn", "cuisine": "Italian", "grades": [{"date": {"$date": 1393286400000}, "grade": "A", "score": 12}, {"date": {"$date": 1372291200000}, "grade": "A", "score": 7}, {"date": {"$date": 1354492800000}, "grade": "A", "score": 10}, {"date": {"$date": 1320796800000}, "grade": "A", "score": 12}], "name": "Philadelhia Grille Express", "restaurant_id": "40364305"}
{"address": {"building": "178", "coord": [-73.96252129999999, 40.7098035], "street": "Broadway", "zipcode": "11211"}, "borough": "Brooklyn", "cuisine": "Steak", "grades": [{"date": {"$date": 1394236800000}, "grade": "A", "score": 12}, {"date": {"$date": 1380326400000}, "grade": "A", "score": 10}, {"date": {"$date": 1364256000000}, "grade": "A", "score": 3}, {"date": {"$date": 1347235200000}, "grade": "A", "score": 12}, {"date": {"$date": 1313366400000}, "grade": "A", "score": 13}], "name": "Peter Luger Steakhouse", "restaurant_id": "40364335"}
{"address": {"building": "1", "coord": [-73.97166039999999, 40.764832], "street": "East   60 Street", "zipcode": "10022"}, "borough": "Manhattan", "cuisine": "American", "dietary": ["lactose free"], "grades": [{"date": {"$date": 1413417600000}, "grade": "B", "score": 24}, {"date": {"$date": 1398988800000}, "grade": "A", "score": 4}, {"date": {"$date": 1364860800000}, "grade": "A", "score": 13}, {"date": {"$date": 1350604800000}, "grade": "A", "score": 12}, {"date": {"$date": 1335484800000}, "grade": "B", "score": 17}, {"date": {"$date": 1322524800000}, "grade": "A", "score": 11}], "name": "Metropolitan Club", "restaurant_id": "40364347"}
{"address": {"building": "837", "coord": [-73.9712, 40.751703], "street": "2 Avenue", "zipcode": "10017"}, "borough": "Manhattan", "cuisine": "American", "grades": [{"date": {"$date": 1405987200000}, "grade": "B", "score": 19}, {"date": {"$date": 1380153600000}, "grade": "A", "score": 12}, {"date": {"$date": 1361836800000}, "grade": "A", "score": 11}, {"date": {"$date": 1335744000000}, "grade": "A", "score": 8}, {"date": {"$date": 1317772800000}, "grade": "A", "score": 12}], "name": "Palm Restaurant", "restaurant_id": "40364355"}
{"address": {"building": "21", "coord": [-73.9774394, 40.7604522], "street": "West   52 Street", "zipcode": "10019"}, "borough": "Manhattan", "cuisine": "American", "dietary": ["gluten free", "lactose free"], "grades": [{"date": {"$date": 1400025600000}, "grade": "A", "score": 12}, {"date": {"$date": 1376352000000}, "grade": "A", "score": 12}, {"date": {"$date": 1333497600000}, "grade": "A", "score": 12}], "name": "21 Club", "restaurant_id": "40364362"}
{"address": {"building": "658", "coord": [-73.81363999999999, 40.82941100000001], "street": "Clarence Ave", "zipcode": "10465"}, "borough": "Bronx", "cuisine": "American", "grades": [{"date": {"$date": 1403308800000}, "grade": "A", "score": 5}, {"date": {"$date": 1341964800000}, "grade": "A", "score": 10}], "name": "Manhem Club", "restaurant_id": "40364363"}
{"address": {"building": "1028", "coord": [-73.966032, 40.762832], "street": "3 Avenue", "zipcode": "10065"}, "borough": "Manhattan", "cuisine": "Italian", "grades": [{"date": {"$date": 1410825600000}, "grade": "A", "score": 13}, {"date": {"$date": 1393200000000}, "grade": "A", "score": 10}, {"date": {"$date": 1367539200000}, "grade": "A", "score": 10}, {"date": {"$date": 1345420800000}, "grade": "A", "score": 7}, {"date": {"$date": 1329091200000}, "grade": "A", "score": 9}], "name": "Isle Of Capri Resturant", "restaurant_id": "40364373"}
{"address": {"building": "45", "coord": [-73.9891878, 40.7375638], "street": "East   18 Street", "zipcode": "10003"}, "borough": "Manhattan", "cuisine": "American", "grades": [{"date": {"$date": 1412726400000}, "grade": "A", "score": 10}, {"date": {"$date": 1381363200000}, "grade": "A", "score": 9}, {"date": {"$date": 1366761600000}, "grade": "C", "score": 36}, {"date": {"$date": 1326067200000}, "grade": "A", "score": 9}], "name": "Old Town Bar & Restaurant", "restaurant_id": "40364389"}
{"address": {"building": "261", "coord": [-73.94839189999999, 40.7224876], "street": "Driggs Avenue", "zipcode": "11222"}, "borough": "Brooklyn", "cuisine": "Polish", "dietary": ["lactose free"], "grades": [{"date": {"$date": 1401494400000}, "grade": "A", "score": 2}, {"date": {"$date": 1368144000000}, "grade": "A", "score": 3}, {"date": {"$date": 1329436800000}, "grade": "A", "score": 6}, {"date": {"$date": 1318550400000}, "grade": "C", "score": 54}], "name": "Polish National Home", "restaurant_id": "40364404"}
{"address": {"building": "62", "coord": [-74.00310999999999, 40.7348888], "street": "Charles Street", "zipcode": "10014"}, "borough": "Manhattan", "cuisine": "Latin (Cuban, Dominican, Puerto Rican, South & Central American)", "grades": [{"date": {"$date": 1398988800000}, "grade": "A", "score": 11}, {"date": {"$date": 1369008000000}, "grade": "A", "score": 11}, {"date": {"$date": 1337817600000}, "grade": "A", "score": 7}, {"date": {"$date": 1326844800000}, "grade": "A", "score": 13}, {"date": {"$date": 1317600000000}, "grade": "A", "score": 10}], "name": "Seville Restaurant", "restaurant_id": "40364439"}
{"address": {"building": "100", "coord": [-74.0010484, 40.71599000000001], "street": "Centre Street", "zipcode": "10013"}, "borough": "Manhattan", "cuisine": "American", "grades": [{"date": {"$date": 1393804800000}, "grade": "A", "score": 8}, {"date": {"$date": 1362700800000}, "grade": "A", "score": 12}, {"date": {"$date": 1331251200000}, "grade": "A", "score": 13}, {"date": {"$date": 1301529600000}, "grade": "A", "score": 12}], "name": "Criminal Court Bldg Cafeteria", "restaurant_id": "40364443"}
{"address": {"building": "657", "coord": [-73.9056678, 40.7066898], "street": "Fairview Avenue", "zipcode": "11385"}, "borough": "Queens", "cuisine": "German", "grades": [{"date": {"$date": 1394841600000}, "grade": "A", "score": 11}, {"date": {"$date": 1363046400000}, "grade": "A", "score": 2}, {"date": {"$date": 1342828800000}, "grade": "B", "score": 27}, {"date": {"$date": 1322179200000}, "grade": "B", "score": 24}, {"date": {"$date": 1308700800000}, "grade": "B", "score": 20}], "name": "Gottscheer Hall", "restaurant_id": "40364449"}
{"address": {"building": "180", "coord": [-73.9788694, 40.7665961], "street": "Central Park South", "zipcode": "10019"}, "borough": "Manhattan", "cuisine": "American", "grades": [{"date": {"$date": 1418601600000}, "grade": "A", "score": 12}, {"date": {"$date": 1407369600000}, "grade": "C", "score": 40}, {"date": {"$date": 1375056000000}, "grade": "A", "score": 2}, {"date": {"$date": 1355356800000}, "grade": "A", "score": 11}, {"date": {"$date": 1343606400000}, "grade": "C", "score": 4}, {"date": {"$date": 1329350400000}, "grade": "A", "score": 2}], "name": "Nyac Main Dining Room", "restaurant_id": "40364467"}
{"address": {"building": "108", "coord": [-73.98146, 40.7250067], "street": "Avenue B", "zipcode": "10009"}, "borough": "Manhattan", "cuisine": "American", "grades": [{"date": {"$date": 1405296000000}, "grade": "B", "score": 17}, {"date": {"$date": 1388448000000}, "grade": "A", "score": 12}, {"date": {"$date": 1350864000000}, "grade": "A", "score": 12}, {"date": {"$date": 1336348800000}, "grade": "A", "score": 13}, {"date": {"$date": 1318550400000}, "grade": "A", "score": 12}], "name": "7B Bar", "restaurant_id": "40364518"}
{"address": {"building": "96-40", "coord": [-73.86137149999999, 40.7293762], "street": "Queens Boulevard", "zipcode": "11374"}, "borough": "Queens", "cuisine": "Jewish/Kosher", "dietary": ["lactose free"], "grades": [{"date": {"$date": 1394668800000}, "grade": "A", "score": 11}, {"date": {"$date": 1380499200000}, "grade": "A", "score": 9}, {"date": {"$date": 1366934400000}, "grade": "A", "score": 8}, {"date": {"$date": 1347321600000}, "grade": "B", "score": 24}, {"date": {"$date": 1316390400000}, "grade": "A", "score": 10}, {"date": {"$date": 1300320000000}, "grade": "A", "score": 12}], "name": "Ben-Best Deli & Restaurant", "restaurant_id": "40364529"}
{"address": {"building": "215", "coord": [-73.9805679, 40.7659436], "street": "West 57 Street", "zipcode": "10019"}, "borough": "Manhattan", "cuisine": "American", "grades": [{"date": {"$date": 1411603200000}, "grade": "A", "score": 12}, {"date": {"$date": 1392336000000}, "grade": "A", "score": 12}, {"date": {"$date": 1376006400000}, "grade": "A", "score": 2}, {"date": {"$date": 1361491200000}, "grade": "B", "score": 20}, {"date": {"$date": 1329350400000}, "grade": "A", "score": 8}], "name": "Cafe Atelier (Art Students League)", "restaurant_id": "40364531"}
{"address": {"building": "845", "coord": [-73.965531, 40.765431], "street": "Lexington Avenue", "zipcode": "10065"}, "borough": "Manhattan", "cuisine": "Steak", "dietary": ["gluten free"], "grades": [{"date": {"$date": 1395792000000}, "grade": "A", "score": 12}, {"date": {"$date": 1363824000000}, "grade": "A", "score": 8}, {"date": {"$date": 1350518400000}, "grade": "A", "score": 9}, {"date": {"$date": 1336348800000}, "grade": "A", "score": 3}, {"date": {"$date": 1305590400000}, "grade": "A", "score": 5}], "name": "Donohue'S Steak House", "restaurant_id": "40364572"}
{"address": {"building": "311", "coord": [-73.98621899999999, 40.763406], "street": "West   51 Street", "zipcode": "10019"}, "borough": "Manhattan", "cuisine": "French", "dietary": ["gluten free", "lactose free"], "grades": [{"date": {"$date": 1415577600000}, "grade": "B", "score": 15}, {"date": {"$date": 1396483200000}, "grade": "A", "score": 13}, {"date": {"$date": 1374019200000}, "grade": "C", "score": 36}, {"date": {"$date": 1360108800000}, "grade": "B", "score": 22}, {"date": {"$date": 1342396800000}, "grade": "C", "score": 36}, {"date": {"$date": 1331164800000}, "grade": "C", "score": 7}], "name": "Tout Va Bien", "restaurant_id": "40364576"}
{"address": {"building": "386", "coord": [-73.9818918, 40.6901211], "street": "Flatbush Avenue Extension", "zipcode": "11201"}, "borough": "Brooklyn", "cuisine": "American", "dietary": ["lactose free"], "grades": [{"date": {"$date": 1415923200000}, "grade": "A", "score": 11}, {"date": {"$date": 1394409600000}, "grade": "A", "score": 7}, {"date": {"$date": 1357776000000}, "grade": "A", "score": 3}, {"date": {"$date": 1346716800000}, "grade": "A", "score": 7}], "name": "Junior'S", "restaurant_id": "40364581"}
{"address": {"building": "37", "coord": [-74.138263, 40.546681], "street": "Mansion Ave", "zipcode": "10308"}, "borough": "Staten Island", "cuisine": "American", "grades": [{"date": {"$date": 1398124800000}, "grade": "A", "score": 10}, {"date": {"$date": 1380067200000}, "grade": "A", "score": 4}, {"date": {"$date": 1339200000000}, "grade": "A", "score": 8}], "name": "Great Kills Yacht Club", "restaurant_id": "40364610"}
{"address": {"building": "251", "coord": [-73.9775552, 40.7432016], "street": "East   31 Street", "zipcode": "10016"}, "borough": "Manhattan", "cuisine": "Italian", "grades": [{"date": {"$date": 1398124800000}, "grade": "A", "score": 13}, {"date": {"$date": 1371600000000}, "grade": "C", "score": 32}, {"date": {"$date": 1337644800000}, "grade": "A", "score": 12}], "name": "Marchis Restaurant", "restaurant_id": "40364668"}
{"address": {"building": "2602", "coord": [-73.95443709999999, 40.5877993], "street": "East   15 Street", "zipcode": "11235"}, "borough": "Brooklyn", "cuisine": "American", "dietary": ["gluten free", "lactose free"], "grades": [{"date": {"$date": 1400025600000}, "grade": "A", "score": 11}, {"date": {"$date": 1367020800000}, "grade": "A", "score": 9}, {"date": {"$date": 1353628800000}, "grade": "B", "score": 27}, {"date": {"$date": 1331683200000}, "grade": "B", "score": 17}, {"date": {"$date": 1310601600000}, "grade": "B", "score": 21}], "name": "Towne Cafe", "restaurant_id": "40364681"}
{"address": {"building": ".1-A", "coord": [-48.9424, -16.3550032], "street": "East 77 St", "zipcode": "10021"}, "borough": "Manhattan", "cuisine": "Continental", "dietary": ["lactose free"], "grades": [{"date": {"$date": 1416787200000}, "grade": "A", "score": 13}, {"date": {"$date": 1381363200000}, "grade": "A", "score": 13}, {"date": {"$date": 1364947200000}, "grade": "B", "score": 18}, {"date": {"$date": 1349136000000}, "grade": "A", "score": 9}, {"date": {"$date": 1335312000000}, "grade": "A", "score": 8}], "name": "Dining Room", "restaurant_id": "40364691"}
{"address": {"building": "56", "coord": [-74.004758, 40.741207], "street": "9 Avenue", "zipcode": "10011"}, "borough": "Manhattan", "cuisine": "American", "dietary": ["gluten free"], "grades": [{"date": {"$date": 1402358400000}, "grade": "A", "score": 9}, {"date": {"$date": 1370822400000}, "grade": "A", "score": 12}, {"date": {"$date": 1348617600000}, "grade": "B", "score": 24}, {"date": {"$date": 1337817600000}, "grade": "A", "score": 12}, {"date": {"$date": 1321228800000}, "grade": "A", "score": 2}], "name": "Old Homestead", "restaurant_id": "40364715"}
{"address": {"building": "156-71", "coord": [-73.840437, 40.6627235], "street": "Crossbay Boulevard", "zipcode": "11414"}, "borough": "Queens", "cuisine": "Pizza/Italian", "grades": [{"date": {"$date": 1414540800000}, "grade": "A", "score": 11}, {"date": {"$date": 1383091200000}, "grade": "A", "score": 9}, {"date": {"$date": 1370995200000}, "grade": "A", "score": 12}, {"date": {"$date": 1332806400000}, "grade": "A", "score": 9}], "name": "New Park Pizzeria & Restaurant", "restaurant_id": "40364744"}
{"address": {"building": "600", "coord": [-73.7522366, 40.7766941], "street": "West Drive", "zipcode": "11363"}, "borough": "Queens", "cuisine": "American", "grades": [{"date": {"$date": 1386115200000}, "grade": "A", "score": 13}, {"date": {"$date": 1371081600000}, "grade": "A", "score": 13}, {"date": {"$date": 1354752000000}, "grade": "A", "score": 9}, {"date": {"$date": 1334188800000}, "grade": "A", "score": 2}, {"date": {"$date": 1311984000000}, "grade": "B", "score": 23}], "name": "Douglaston Club", "restaurant_id": "40364858"}
{"address": {"building": "225", "coord": [-73.96485799999999, 40.761899], "street": "East   60 Street", "zipcode": "10022"}, "borough": "Manhattan", "cuisine": "American", "grades": [{"date": {"$date": 1407715200000}, "grade": "A", "score": 10}, {"date": {"$date": 1394755200000}, "grade": "A", "score": 3}, {"date": {"$date": 1358294400000}, "grade": "A", "score": 10}, {"date": {"$date": 1342051200000}, "grade": "A", "score": 9}], "name": "Serendipity 3", "restaurant_id": "40364863"}
{"address": {"building": "461", "coord": [-74.002944, 40.652779], "street": "37 Street", "zipcode": "11232"}, "borough": "Brooklyn", "cuisine": "American", "grades": [{"date": {"$date": 1417132800000}, "grade": "A", "score": 12}, {"date": {"$date": 1386115200000}, "grade": "A", "score": 13}, {"date": {"$date": 1354752000000}, "grade": "A", "score": 12}, {"date": {"$date": 1323129600000}, "grade": "A", "score": 12}], "name": "Melody Lanes", "restaurant_id": "40364889"}
{"address": {"building": "30-13", "coord": [-73.9151096, 40.763377], "street": "Steinway Street", "zipcode": "11103"}, "borough": "Queens", "cuisine": "Pizza", "grades": [{"date": {"$date": 1412553600000}, "grade": "A", "score": 2}, {"date": {"$date": 1381363200000}, "grade": "A", "score": 12}, {"date": {"$date": 1351036800000}, "grade": "A", "score": 10}, {"date": {"$date": 1339545600000}, "grade": "A", "score": 12}, {"date": {"$date": 1326758400000}, "grade": "A", "score": 10}], "name": "Rizzo'S Fine Pizza", "restaurant_id": "40364920"}
{"address": {"building": "2222", "coord": [-73.84971759999999, 40.8304811], "street": "Haviland Avenue", "zipcode": "10462"}, "borough": "Bronx", "cuisine": "American", "dietary": ["lactose free"], "grades": [{"date": {"$date": 1418860800000}, "grade": "A", "score": 7}, {"date": {"$date": 1398902400000}, "grade": "B", "score": 17}, {"date": {"$date": 1363219200000}, "grade": "A", "score": 12}, {"date": {"$date": 1348099200000}, "grade": "A", "score": 9}, {"date": {"$date": 1328659200000}, "grade": "B", "score": 19}], "name": "The New Starling Athletic Club Of The Bronx", "restaurant_id": "40364956"}
{"address": {"building": "567", "coord": [-74.00619499999999, 40.735663], "street": "Hudson Street", "zipcode": "10014"}, "borough": "Manhattan", "cuisine": "American", "dietary": ["gluten free", "lactose free"], "grades": [{"date": {"$date": 1406505600000}, "grade": "A", "score": 2}, {"date": {"$date": 1374710400000}, "grade": "A", "score": 7}, {"date": {"$date": 1360022400000}, "grade": "A", "score": 2}, {"date": {"$date": 1338249600000}, "grade": "A", "score": 6}, {"date": {"$date": 1324598400000}, "grade": "A", "score": 5}], "name": "White Horse Tavern", "restaurant_id": "40364958"}
{"address": {"building": "67", "coord": [-74.0707363, 40.59321569999999], "street": "Olympia Boulevard", "zipcode": "10305"}, "borough": "Staten Island", "cuisine": "Italian", "dietary": ["gluten free"], "grades": [{"date": {"$date": 1398297600000}, "grade": "A", "score": 13}, {"date": {"$date": 1365033600000}, "grade": "A", "score": 2}, {"date": {"$date": 1328140800000}, "grade": "A", "score": 5}, {"date": {"$date": 1311379200000}, "grade": "A", "score": 11}], "name": "Crystal Room", "restaurant_id": "40365013"}
{"address": {"building": "390", "coord": [-74.07444319999999, 40.6096914], "street": "Hylan Boulevard", "zipcode": "10305"}, "borough": "Staten Island", "cuisine": "American", "dietary": ["gluten free", "lactose free"], "grades": [{"date": {"$date": 1403308800000}, "grade": "A", "score": 9}, {"date": {"$date": 1371254400000}, "grade": "A", "score": 13}, {"date": {"$date": 1346284800000}, "grade": "A", "score": 10}, {"date": {"$date": 1317945600000}, "grade": "B", "score": 20}], "name": "Labetti'S Post # 2159", "restaurant_id": "40365022"}
{"address": {"building": "1", "coord": [-73.9727638, 40.588853], "street": "Bouck Court", "zipcode": "11223"}, "borough": "Brooklyn", "cuisine": "American", "grades": [{"date": {"$date": 1418169600000}, "grade": "A", "score": 2}, {"date": {"$date": 1403654400000}, "grade": "A", "score": 9}, {"date": {"$date": 1382486400000}, "grade": "C", "score": 28}, {"date": {"$date": 1363824000000}, "grade": "C", "score": 29}, {"date": {"$date": 1339718400000}, "grade": "A", "score": 10}], "name": "Shell Lanes", "restaurant_id": "40365043"}
{"address": {"building": "15", "coord": [-73.9896713, 40.7287978], "street": "East    7 Street", "zipcode": "10003"}, "borough": "Manhattan", "cuisine": "Irish", "grades": [{"date": {"$date": 1402099200000}, "grade": "A", "score": 8}, {"date": {"$date": 1389225600000}, "grade": "A", "score": 10}, {"date": {"$date": 1370995200000}, "grade": "A", "score": 8}, {"date": {"$date": 1337558400000}, "grade": "A", "score": 13}, {"date": {"$date": 1326240000000}, "grade": "A", "score": 9}, {"date": {"$date": 1313020800000}, "grade": "B", "score": 16}], "name": "Mcsorley'S Old Ale House", "restaurant_id": "40365075"}
{"address": {"building": "93", "coord": [-73.99950489999999, 40.7169224], "street": "Baxter Street", "zipcode": "10013"}, "borough": "Manhattan", "cuisine": "Italian", "dietary": ["lactose free"], "grades": [{"date": {"$date": 1418601600000}, "grade": "A", "score": 9}, {"date": {"$date": 1386288000000}, "grade": "A", "score": 10}, {"date": {"$date": 1350950400000}, "grade": "A", "score": 12}, {"date": {"$date": 1338768000000}, "grade": "A", "score": 11}, {"date": {"$date": 1326326400000}, "grade": "A", "score": 13}], "name": "Forlinis Restaurant", "restaurant_id": "40365098"}
{"address": {"building": "6736", "coord": [-74.2274942, 40.5071996], "street": "Hylan Boulevard", "zipcode": "10309"}, "borough": "Staten Island", "cuisine": "American", "dietary": ["gluten free", "lactose free"], "grades": [{"date": {"$date": 1407888000000}, "grade": "A", "score": 3}, {"date": {"$date": 1376956800000}, "grade": "B", "score": 19}, {"date": {"$date": 1339977600000}, "grade": "A", "score": 6}], "name": "South Shore Swimming Club", "restaurant_id": "40365120"}
{"address": {"building": "331", "coord": [-74.0037823, 40.7380122], "street": "West    4 Street", "zipcode": "10014"}, "borough": "Manhattan", "cuisine": "American", "grades": [{"date": {"$date": 1416182400000}, "grade": "A", "score": 12}, {"date": {"$date": 1403827200000}, "grade": "A", "score": 5}, {"date": {"$date": 1368576000000}, "grade": "A", "score": 4}, {"date": {"$date": 1336521600000}, "grade": "A", "score": 12}], "name": "Corner Bistro", "restaurant_id": "40365166"}
{"address": {"building": "1449", "coord": [-73.94933739999999, 40.6509823], "street": "Nostrand Avenue", "zipcode": "11226"}, "borough": "Brooklyn", "cuisine": "Donuts", "dietary": ["gluten free"], "grades": [{"date": {"$date": 1413849600000}, "grade": "B", "score": 16}, {"date": {"$date": 1400630400000}, "grade": "A", "score": 5}, {"date": {"$date": 1367452800000}, "grade": "A", "score": 10}, {"date": {"$date": 1354492800000}, "grade": "A", "score": 9}, {"date": {"$date": 1336521600000}, "grade": "B", "score": 16}, {"date": {"$date": 1323820800000}, "grade": "A", "score": 13}], "name": "Nostrand Donut Shop", "restaurant_id": "40365226"}
{"address": {"building": "1616", "coord": [-73.952449, 40.776325], "street": "2 Avenue", "zipcode": "10028"}, "borough": "Manhattan", "cuisine": "Irish", "grades": [{"date": {"$date": 1393545600000}, "grade": "A", "score": 2}, {"date": {"$date": 1377820800000}, "grade": "A", "score": 7}, {"date": {"$date": 1346025600000}, "grade": "A", "score": 7}, {"date": {"$date": 1315958400000}, "grade": "A", "score": 9}], "name": "Dorrian'S Red Hand Restaurant", "restaurant_id": "40365239"}
{"address": {"building": "3", "coord": [-73.97557069999999, 40.7596796], "street": "East   52 Street", "zipcode": "10022"}, "borough": "Manhattan", "cuisine": "French", "dietary": ["gluten free", "lactose free"], "grades": [{"date": {"$date": 1397001600000}, "grade": "A", "score": 10}, {"date": {"$date": 1362441600000}, "grade": "A", "score": 9}, {"date": {"$date": 1328140800000}, "grade": "A", "score": 13}], "name": "La Grenouille", "restaurant_id": "40365264"}
{"address": {"building": "4035", "coord": [-73.9395182, 40.8422945], "street": "Broadway", "zipcode": "10032"}, "borough": "Manhattan", "cuisine": "Pizza", "dietary": ["lactose free"], "grades": [{"date": {"$date": 1391990400000}, "grade": "A", "score": 10}, {"date": {"$date": 1359936000000}, "grade": "A", "score": 10}, {"date": {"$date": 1325635200000}, "grade": "A", "score": 6}, {"date": {"$date": 1316044800000}, "grade": "C", "score": 60}], "name": "Como Pizza", "restaurant_id": "40365280"}
{"address": {"building": "842", "coord": [-73.97063700000001, 40.751495], "street": "2 Avenue", "zipcode": "10017"}, "borough": "Manhattan", "cuisine": "American", "grades": [{"date": {"$date": 1405987200000}, "grade": "A", "score": 6}, {"date": {"$date": 1369699200000}, "grade": "A", "score": 2}, {"date": {"$date": 1338249600000}, "grade": "A", "score": 8}, {"date": {"$date": 1325721600000}, "grade": "A", "score": 9}, {"date": {"$date": 1312934400000}, "grade": "B", "score": 24}], "name": "Keats Restaurant", "restaurant_id": "40365288"}
{"address": {"building": "146", "coord": [-73.9973041, 40.7188698], "street": "Mulberry Street", "zipcode": "10013"}, "borough": "Manhattan", "cuisine": "Italian", "dietary": ["lactose free"], "grades": [{"date": {"$date": 1398988800000}, "grade": "A", "score": 11}, {"date": {"$date": 1363219200000}, "grade": "A", "score": 13}, {"date": {"$date": 1348617600000}, "grade": "A", "score": 9}, {"date": {"$date": 1329264000000}, "grade": "A", "score": 13}, {"date": {"$date": 1316044800000}, "grade": "A", "score": 11}], "name": "Angelo Of Mulberry St.", "restaurant_id": "40365293"}
